id;comment_id;content;author;date
1;85353;Arkansas Hawaii;Health;2024-10-09
2;87987;monitor;Unbranded Refined Fresh Tuna Gorgeous;2024-10-09
3;66580;program programming Liberia;Fresh South Carolina;2024-10-09
4;46591;mint green Metrics sky blue;virtual;2024-10-08
5;69612;system Savings Account bricks-and-clicks;indexing application Knoll;2024-10-09
6;87403;eyeballs port;e-business Small Plastic Fish;2024-10-08
7;97824;Data Unbranded ADP;Zloty Industrial Cambridgeshire;2024-10-09
8;56178;Steel withdrawal;Baby Intelligent European Unit of Account 9(E.U.A.-9);2024-10-09
9;69961;Concrete Wyoming;FTP;2024-10-09
10;13492;bypass;incubate;2024-10-08
